timeStamp,elapsed,label,responseCode,responseMessage,threadName,dataType,success,failureMessage,bytes,sentBytes,grpThreads,allThreads,URL,Latency,IdleTime,Connect
1712926654002,411,configuration_3,200,OK,configuration_3_users 3-1,text,true,,231,157,1,3,http://localhost:8080/?token=490561687&user=2080904185&config=3,411,0,1
1712926656993,364,configuration_3,200,OK,configuration_3_users 3-1,text,true,,231,157,1,3,http://localhost:8080/?token=490561687&user=2080904185&config=3,364,0,0
1712926659993,356,configuration_3,200,OK,configuration_3_users 3-1,text,true,,231,157,1,3,http://localhost:8080/?token=490561687&user=2080904185&config=3,356,0,0
1712926661495,522,configuration_3,200,OK,configuration_3_users 3-2,text,true,,231,157,2,6,http://localhost:8080/?token=490561687&user=2080904185&config=3,522,0,2
1712926662994,362,configuration_3,200,OK,configuration_3_users 3-1,text,true,,231,157,2,6,http://localhost:8080/?token=490561687&user=2080904185&config=3,362,0,0
1712926664495,359,configuration_3,200,OK,configuration_3_users 3-2,text,true,,231,157,2,6,http://localhost:8080/?token=490561687&user=2080904185&config=3,359,0,0
1712926665993,364,configuration_3,200,OK,configuration_3_users 3-1,text,true,,231,157,2,6,http://localhost:8080/?token=490561687&user=2080904185&config=3,364,0,0
1712926667496,365,configuration_3,200,OK,configuration_3_users 3-2,text,true,,231,157,2,6,http://localhost:8080/?token=490561687&user=2080904185&config=3,365,0,0
1712926668996,380,configuration_3,200,OK,configuration_3_users 3-1,text,true,,231,157,3,9,http://localhost:8080/?token=490561687&user=2080904185&config=3,380,0,0
1712926668995,433,configuration_3,200,OK,configuration_3_users 3-3,text,true,,231,157,3,9,http://localhost:8080/?token=490561687&user=2080904185&config=3,433,0,2
1712926670493,368,configuration_3,200,OK,configuration_3_users 3-2,text,true,,231,157,3,9,http://localhost:8080/?token=490561687&user=2080904185&config=3,368,0,0
1712926671995,379,configuration_3,200,OK,configuration_3_users 3-1,text,true,,231,157,3,9,http://localhost:8080/?token=490561687&user=2080904185&config=3,379,0,0
1712926671996,379,configuration_3,200,OK,configuration_3_users 3-3,text,true,,231,157,3,9,http://localhost:8080/?token=490561687&user=2080904185&config=3,379,0,0
1712926673495,386,configuration_3,200,OK,configuration_3_users 3-2,text,true,,231,157,3,9,http://localhost:8080/?token=490561687&user=2080904185&config=3,386,0,0
1712926674997,374,configuration_3,200,OK,configuration_3_users 3-3,text,true,,231,157,3,9,http://localhost:8080/?token=490561687&user=2080904185&config=3,374,0,0
1712926674995,376,configuration_3,200,OK,configuration_3_users 3-1,text,true,,231,157,3,9,http://localhost:8080/?token=490561687&user=2080904185&config=3,376,0,0
1712926676495,387,configuration_3,200,OK,configuration_3_users 3-2,text,true,,231,157,4,12,http://localhost:8080/?token=490561687&user=2080904185&config=3,387,0,0
1712926676494,439,configuration_3,200,OK,configuration_3_users 3-4,text,true,,231,157,4,12,http://localhost:8080/?token=490561687&user=2080904185&config=3,439,0,1
1712926677993,377,configuration_3,200,OK,configuration_3_users 3-1,text,true,,231,157,4,12,http://localhost:8080/?token=490561687&user=2080904185&config=3,377,0,0
1712926677997,378,configuration_3,200,OK,configuration_3_users 3-3,text,true,,231,157,4,12,http://localhost:8080/?token=490561687&user=2080904185&config=3,378,0,0
1712926679494,379,configuration_3,200,OK,configuration_3_users 3-4,text,true,,231,157,4,12,http://localhost:8080/?token=490561687&user=2080904185&config=3,379,0,0
1712926679496,383,configuration_3,200,OK,configuration_3_users 3-2,text,true,,231,157,4,12,http://localhost:8080/?token=490561687&user=2080904185&config=3,383,0,0
1712926680994,465,configuration_3,200,OK,configuration_3_users 3-1,text,true,,231,157,4,12,http://localhost:8080/?token=490561687&user=2080904185&config=3,465,0,0
1712926680996,463,configuration_3,200,OK,configuration_3_users 3-3,text,true,,231,157,4,12,http://localhost:8080/?token=490561687&user=2080904185&config=3,463,0,0
1712926682494,395,configuration_3,200,OK,configuration_3_users 3-2,text,true,,231,157,4,12,http://localhost:8080/?token=490561687&user=2080904185&config=3,395,0,0
1712926682495,397,configuration_3,200,OK,configuration_3_users 3-4,text,true,,231,157,4,12,http://localhost:8080/?token=490561687&user=2080904185&config=3,397,0,0
1712926683992,386,configuration_3,200,OK,configuration_3_users 3-1,text,true,,231,157,5,15,http://localhost:8080/?token=490561687&user=2080904185&config=3,386,0,0
1712926683996,384,configuration_3,200,OK,configuration_3_users 3-3,text,true,,231,157,5,15,http://localhost:8080/?token=490561687&user=2080904185&config=3,384,0,0
1712926683993,438,configuration_3,200,OK,configuration_3_users 3-5,text,true,,231,157,5,15,http://localhost:8080/?token=490561687&user=2080904185&config=3,438,0,1
1712926685494,384,configuration_3,200,OK,configuration_3_users 3-2,text,true,,231,157,5,15,http://localhost:8080/?token=490561687&user=2080904185&config=3,384,0,0
1712926685494,385,configuration_3,200,OK,configuration_3_users 3-4,text,true,,231,157,5,15,http://localhost:8080/?token=490561687&user=2080904185&config=3,385,0,0
1712926686992,385,configuration_3,200,OK,configuration_3_users 3-1,text,true,,231,157,5,15,http://localhost:8080/?token=490561687&user=2080904185&config=3,385,0,0
1712926686993,397,configuration_3,200,OK,configuration_3_users 3-5,text,true,,231,157,5,15,http://localhost:8080/?token=490561687&user=2080904185&config=3,397,0,0
1712926686997,394,configuration_3,200,OK,configuration_3_users 3-3,text,true,,231,157,5,15,http://localhost:8080/?token=490561687&user=2080904185&config=3,394,0,0
1712926688494,394,configuration_3,200,OK,configuration_3_users 3-4,text,true,,231,157,5,15,http://localhost:8080/?token=490561687&user=2080904185&config=3,394,0,0
1712926688494,395,configuration_3,200,OK,configuration_3_users 3-2,text,true,,231,157,5,15,http://localhost:8080/?token=490561687&user=2080904185&config=3,395,0,0
1712926689993,379,configuration_3,200,OK,configuration_3_users 3-1,text,true,,231,157,5,15,http://localhost:8080/?token=490561687&user=2080904185&config=3,379,0,0
1712926689996,385,configuration_3,200,OK,configuration_3_users 3-3,text,true,,231,157,5,15,http://localhost:8080/?token=490561687&user=2080904185&config=3,385,0,0
1712926689995,390,configuration_3,200,OK,configuration_3_users 3-5,text,true,,231,157,5,15,http://localhost:8080/?token=490561687&user=2080904185&config=3,390,0,0
1712926691495,405,configuration_3,200,OK,configuration_3_users 3-2,text,true,,231,157,6,18,http://localhost:8080/?token=490561687&user=2080904185&config=3,405,0,0
1712926691493,409,configuration_3,200,OK,configuration_3_users 3-4,text,true,,231,157,6,18,http://localhost:8080/?token=490561687&user=2080904185&config=3,409,0,0
1712926691494,461,configuration_3,200,OK,configuration_3_users 3-6,text,true,,231,157,6,18,http://localhost:8080/?token=490561687&user=2080904185&config=3,461,0,1
1712926692993,388,configuration_3,200,OK,configuration_3_users 3-1,text,true,,231,157,6,18,http://localhost:8080/?token=490561687&user=2080904185&config=3,388,0,0
1712926692997,393,configuration_3,200,OK,configuration_3_users 3-3,text,true,,231,157,6,18,http://localhost:8080/?token=490561687&user=2080904185&config=3,393,0,0
1712926692995,397,configuration_3,200,OK,configuration_3_users 3-5,text,true,,231,157,6,18,http://localhost:8080/?token=490561687&user=2080904185&config=3,397,0,0
1712926694494,383,configuration_3,200,OK,configuration_3_users 3-4,text,true,,231,157,6,18,http://localhost:8080/?token=490561687&user=2080904185&config=3,383,0,0
1712926694494,385,configuration_3,200,OK,configuration_3_users 3-6,text,true,,231,157,6,18,http://localhost:8080/?token=490561687&user=2080904185&config=3,385,0,0
1712926694494,396,configuration_3,200,OK,configuration_3_users 3-2,text,true,,231,157,6,18,http://localhost:8080/?token=490561687&user=2080904185&config=3,396,0,0
1712926695994,402,configuration_3,200,OK,configuration_3_users 3-5,text,true,,231,157,6,18,http://localhost:8080/?token=490561687&user=2080904185&config=3,402,0,0
1712926695997,400,configuration_3,200,OK,configuration_3_users 3-3,text,true,,231,157,6,18,http://localhost:8080/?token=490561687&user=2080904185&config=3,400,0,0
1712926695993,407,configuration_3,200,OK,configuration_3_users 3-1,text,true,,231,157,6,18,http://localhost:8080/?token=490561687&user=2080904185&config=3,407,0,0
1712926697496,403,configuration_3,200,OK,configuration_3_users 3-4,text,true,,231,157,6,18,http://localhost:8080/?token=490561687&user=2080904185&config=3,403,0,0
1712926697496,403,configuration_3,200,OK,configuration_3_users 3-2,text,true,,231,157,6,18,http://localhost:8080/?token=490561687&user=2080904185&config=3,403,0,0
1712926697494,406,configuration_3,200,OK,configuration_3_users 3-6,text,true,,231,157,6,18,http://localhost:8080/?token=490561687&user=2080904185&config=3,406,0,0
1712926698993,416,configuration_3,200,OK,configuration_3_users 3-1,text,true,,231,157,7,21,http://localhost:8080/?token=490561687&user=2080904185&config=3,416,0,0
1712926698996,437,configuration_3,200,OK,configuration_3_users 3-3,text,true,,231,157,7,21,http://localhost:8080/?token=490561687&user=2080904185&config=3,437,0,0
1712926698994,439,configuration_3,200,OK,configuration_3_users 3-5,text,true,,231,157,7,21,http://localhost:8080/?token=490561687&user=2080904185&config=3,439,0,0
1712926698993,504,configuration_3,200,OK,configuration_3_users 3-7,text,true,,231,157,7,21,http://localhost:8080/?token=490561687&user=2080904185&config=3,504,0,1
1712926700495,406,configuration_3,200,OK,configuration_3_users 3-6,text,true,,231,157,7,21,http://localhost:8080/?token=490561687&user=2080904185&config=3,406,0,0
1712926700495,411,configuration_3,200,OK,configuration_3_users 3-2,text,true,,231,157,7,21,http://localhost:8080/?token=490561687&user=2080904185&config=3,411,0,0
1712926700495,411,configuration_3,200,OK,configuration_3_users 3-4,text,true,,231,157,7,21,http://localhost:8080/?token=490561687&user=2080904185&config=3,411,0,0
1712926701993,400,configuration_3,200,OK,configuration_3_users 3-7,text,true,,231,157,7,21,http://localhost:8080/?token=490561687&user=2080904185&config=3,400,0,0
1712926701994,401,configuration_3,200,OK,configuration_3_users 3-1,text,true,,231,157,7,21,http://localhost:8080/?token=490561687&user=2080904185&config=3,401,0,0
1712926701997,415,configuration_3,200,OK,configuration_3_users 3-3,text,true,,231,157,7,21,http://localhost:8080/?token=490561687&user=2080904185&config=3,415,0,0
1712926701995,417,configuration_3,200,OK,configuration_3_users 3-5,text,true,,231,157,7,21,http://localhost:8080/?token=490561687&user=2080904185&config=3,417,0,0
1712926703493,405,configuration_3,200,OK,configuration_3_users 3-6,text,true,,231,157,7,21,http://localhost:8080/?token=490561687&user=2080904185&config=3,405,0,0
1712926703496,413,configuration_3,200,OK,configuration_3_users 3-4,text,true,,231,157,7,21,http://localhost:8080/?token=490561687&user=2080904185&config=3,413,0,0
1712926703496,418,configuration_3,200,OK,configuration_3_users 3-2,text,true,,231,157,7,21,http://localhost:8080/?token=490561687&user=2080904185&config=3,418,0,0
1712926704993,404,configuration_3,200,OK,configuration_3_users 3-1,text,true,,231,157,7,21,http://localhost:8080/?token=490561687&user=2080904185&config=3,404,0,0
1712926704994,415,configuration_3,200,OK,configuration_3_users 3-5,text,true,,231,157,7,21,http://localhost:8080/?token=490561687&user=2080904185&config=3,415,0,0
1712926704998,413,configuration_3,200,OK,configuration_3_users 3-3,text,true,,231,157,7,21,http://localhost:8080/?token=490561687&user=2080904185&config=3,413,0,0
1712926704994,420,configuration_3,200,OK,configuration_3_users 3-7,text,true,,231,157,7,21,http://localhost:8080/?token=490561687&user=2080904185&config=3,420,0,0
1712926706495,428,configuration_3,200,OK,configuration_3_users 3-4,text,true,,231,157,8,24,http://localhost:8080/?token=490561687&user=2080904185&config=3,428,0,0
1712926706494,430,configuration_3,200,OK,configuration_3_users 3-2,text,true,,231,157,8,24,http://localhost:8080/?token=490561687&user=2080904185&config=3,430,0,0
1712926706493,439,configuration_3,200,OK,configuration_3_users 3-6,text,true,,231,157,8,24,http://localhost:8080/?token=490561687&user=2080904185&config=3,439,0,0
1712926706496,505,configuration_3,200,OK,configuration_3_users 3-8,text,true,,231,157,8,24,http://localhost:8080/?token=490561687&user=2080904185&config=3,505,0,1
1712926707994,403,configuration_3,200,OK,configuration_3_users 3-1,text,true,,231,157,8,24,http://localhost:8080/?token=490561687&user=2080904185&config=3,403,0,0
1712926707994,404,configuration_3,200,OK,configuration_3_users 3-7,text,true,,231,157,8,24,http://localhost:8080/?token=490561687&user=2080904185&config=3,404,0,0
1712926707995,418,configuration_3,200,OK,configuration_3_users 3-5,text,true,,231,157,8,24,http://localhost:8080/?token=490561687&user=2080904185&config=3,418,0,0
1712926707997,417,configuration_3,200,OK,configuration_3_users 3-3,text,true,,231,157,8,24,http://localhost:8080/?token=490561687&user=2080904185&config=3,417,0,0
1712926709493,405,configuration_3,200,OK,configuration_3_users 3-6,text,true,,231,157,8,24,http://localhost:8080/?token=490561687&user=2080904185&config=3,405,0,0
1712926709494,413,configuration_3,200,OK,configuration_3_users 3-8,text,true,,231,157,8,24,http://localhost:8080/?token=490561687&user=2080904185&config=3,413,0,0
1712926709494,421,configuration_3,200,OK,configuration_3_users 3-4,text,true,,231,157,8,24,http://localhost:8080/?token=490561687&user=2080904185&config=3,421,0,0
1712926709494,424,configuration_3,200,OK,configuration_3_users 3-2,text,true,,231,157,8,24,http://localhost:8080/?token=490561687&user=2080904185&config=3,424,0,0
1712926710992,419,configuration_3,200,OK,configuration_3_users 3-1,text,true,,231,157,8,24,http://localhost:8080/?token=490561687&user=2080904185&config=3,419,0,0
1712926710992,421,configuration_3,200,OK,configuration_3_users 3-7,text,true,,231,157,7,23,http://localhost:8080/?token=490561687&user=2080904185&config=3,421,0,0
1712926710994,434,configuration_3,200,OK,configuration_3_users 3-5,text,true,,231,157,7,23,http://localhost:8080/?token=490561687&user=2080904185&config=3,434,0,0
1712926710997,499,configuration_3,200,OK,configuration_3_users 3-3,text,true,,231,157,7,23,http://localhost:8080/?token=490561687&user=2080904185&config=3,499,0,0
1712926712494,419,configuration_3,200,OK,configuration_3_users 3-4,text,true,,231,157,7,21,http://localhost:8080/?token=490561687&user=2080904185&config=3,419,0,0
1712926712494,422,configuration_3,200,OK,configuration_3_users 3-2,text,true,,231,157,7,21,http://localhost:8080/?token=490561687&user=2080904185&config=3,422,0,0
1712926712493,425,configuration_3,200,OK,configuration_3_users 3-8,text,true,,231,157,7,21,http://localhost:8080/?token=490561687&user=2080904185&config=3,424,0,0
1712926712495,433,configuration_3,200,OK,configuration_3_users 3-6,text,true,,231,157,7,21,http://localhost:8080/?token=490561687&user=2080904185&config=3,433,0,0
1712926713992,430,configuration_3,200,OK,configuration_3_users 3-7,text,true,,231,157,7,21,http://localhost:8080/?token=490561687&user=2080904185&config=3,430,0,0
1712926713994,432,configuration_3,200,OK,configuration_3_users 3-5,text,true,,231,157,7,21,http://localhost:8080/?token=490561687&user=2080904185&config=3,432,0,0
1712926713996,436,configuration_3,200,OK,configuration_3_users 3-3,text,true,,231,157,7,21,http://localhost:8080/?token=490561687&user=2080904185&config=3,436,0,0
1712926715494,409,configuration_3,200,OK,configuration_3_users 3-8,text,true,,231,157,7,21,http://localhost:8080/?token=490561687&user=2080904185&config=3,409,0,0
1712926715493,417,configuration_3,200,OK,configuration_3_users 3-4,text,true,,231,157,7,21,http://localhost:8080/?token=490561687&user=2080904185&config=3,417,0,0
1712926715493,424,configuration_3,200,OK,configuration_3_users 3-2,text,true,,231,157,7,21,http://localhost:8080/?token=490561687&user=2080904185&config=3,424,0,0
1712926715493,425,configuration_3,200,OK,configuration_3_users 3-6,text,true,,231,157,7,21,http://localhost:8080/?token=490561687&user=2080904185&config=3,425,0,0
1712926716993,418,configuration_3,200,OK,configuration_3_users 3-7,text,true,,231,157,7,21,http://localhost:8080/?token=490561687&user=2080904185&config=3,418,0,0
1712926716996,426,configuration_3,200,OK,configuration_3_users 3-3,text,true,,231,157,7,21,http://localhost:8080/?token=490561687&user=2080904185&config=3,426,0,0
1712926716994,428,configuration_3,200,OK,configuration_3_users 3-5,text,true,,231,157,7,21,http://localhost:8080/?token=490561687&user=2080904185&config=3,428,0,0
1712926718495,434,configuration_3,200,OK,configuration_3_users 3-8,text,true,,231,157,7,21,http://localhost:8080/?token=490561687&user=2080904185&config=3,434,0,0
1712926718495,435,configuration_3,200,OK,configuration_3_users 3-6,text,true,,231,157,7,21,http://localhost:8080/?token=490561687&user=2080904185&config=3,435,0,0
1712926718496,441,configuration_3,200,OK,configuration_3_users 3-2,text,true,,231,157,7,21,http://localhost:8080/?token=490561687&user=2080904185&config=3,441,0,0
1712926718495,442,configuration_3,200,OK,configuration_3_users 3-4,text,true,,231,157,7,21,http://localhost:8080/?token=490561687&user=2080904185&config=3,442,0,0
1712926719995,428,configuration_3,200,OK,configuration_3_users 3-5,text,true,,231,157,6,18,http://localhost:8080/?token=490561687&user=2080904185&config=3,428,0,0
1712926719995,428,configuration_3,200,OK,configuration_3_users 3-7,text,true,,231,157,6,18,http://localhost:8080/?token=490561687&user=2080904185&config=3,428,0,0
1712926719997,435,configuration_3,200,OK,configuration_3_users 3-3,text,true,,231,157,6,18,http://localhost:8080/?token=490561687&user=2080904185&config=3,435,0,0
1712926721496,492,configuration_3,200,OK,configuration_3_users 3-8,text,true,,231,157,6,18,http://localhost:8080/?token=490561687&user=2080904185&config=3,492,0,0
1712926721496,497,configuration_3,200,OK,configuration_3_users 3-6,text,true,,231,157,6,18,http://localhost:8080/?token=490561687&user=2080904185&config=3,497,0,0
1712926721495,500,configuration_3,200,OK,configuration_3_users 3-4,text,true,,231,157,6,18,http://localhost:8080/?token=490561687&user=2080904185&config=3,500,0,0
1712926722995,407,configuration_3,200,OK,configuration_3_users 3-5,text,true,,231,157,6,18,http://localhost:8080/?token=490561687&user=2080904185&config=3,407,0,0
1712926722994,409,configuration_3,200,OK,configuration_3_users 3-7,text,true,,231,157,6,18,http://localhost:8080/?token=490561687&user=2080904185&config=3,409,0,0
1712926722997,409,configuration_3,200,OK,configuration_3_users 3-3,text,true,,231,157,6,18,http://localhost:8080/?token=490561687&user=2080904185&config=3,409,0,0
1712926724494,405,configuration_3,200,OK,configuration_3_users 3-4,text,true,,231,157,6,18,http://localhost:8080/?token=490561687&user=2080904185&config=3,405,0,0
1712926724495,411,configuration_3,200,OK,configuration_3_users 3-6,text,true,,231,157,6,18,http://localhost:8080/?token=490561687&user=2080904185&config=3,411,0,0
1712926724495,417,configuration_3,200,OK,configuration_3_users 3-8,text,true,,231,157,6,18,http://localhost:8080/?token=490561687&user=2080904185&config=3,417,0,0
1712926725993,400,configuration_3,200,OK,configuration_3_users 3-7,text,true,,231,157,6,18,http://localhost:8080/?token=490561687&user=2080904185&config=3,400,0,0
1712926725996,403,configuration_3,200,OK,configuration_3_users 3-3,text,true,,231,157,6,18,http://localhost:8080/?token=490561687&user=2080904185&config=3,403,0,0
1712926725995,408,configuration_3,200,OK,configuration_3_users 3-5,text,true,,231,157,5,17,http://localhost:8080/?token=490561687&user=2080904185&config=3,408,0,0
1712926727495,403,configuration_3,200,OK,configuration_3_users 3-4,text,true,,231,157,5,15,http://localhost:8080/?token=490561687&user=2080904185&config=3,403,0,0
1712926727495,406,configuration_3,200,OK,configuration_3_users 3-6,text,true,,231,157,5,15,http://localhost:8080/?token=490561687&user=2080904185&config=3,406,0,0
1712926727495,407,configuration_3,200,OK,configuration_3_users 3-8,text,true,,231,157,5,15,http://localhost:8080/?token=490561687&user=2080904185&config=3,407,0,0
1712926728993,396,configuration_3,200,OK,configuration_3_users 3-7,text,true,,231,157,5,15,http://localhost:8080/?token=490561687&user=2080904185&config=3,396,0,0
1712926728995,404,configuration_3,200,OK,configuration_3_users 3-5,text,true,,231,157,5,15,http://localhost:8080/?token=490561687&user=2080904185&config=3,404,0,0
1712926730495,443,configuration_3,200,OK,configuration_3_users 3-4,text,true,,231,157,5,15,http://localhost:8080/?token=490561687&user=2080904185&config=3,443,0,0
1712926730495,443,configuration_3,200,OK,configuration_3_users 3-6,text,true,,231,157,5,15,http://localhost:8080/?token=490561687&user=2080904185&config=3,443,0,0
1712926730495,444,configuration_3,200,OK,configuration_3_users 3-8,text,true,,231,157,5,15,http://localhost:8080/?token=490561687&user=2080904185&config=3,444,0,0
1712926731995,477,configuration_3,200,OK,configuration_3_users 3-5,text,true,,231,157,5,15,http://localhost:8080/?token=490561687&user=2080904185&config=3,477,0,0
1712926731993,479,configuration_3,200,OK,configuration_3_users 3-7,text,true,,231,157,5,15,http://localhost:8080/?token=490561687&user=2080904185&config=3,479,0,0
1712926733494,417,configuration_3,200,OK,configuration_3_users 3-4,text,true,,231,157,5,15,http://localhost:8080/?token=490561687&user=2080904185&config=3,417,0,0
1712926733494,418,configuration_3,200,OK,configuration_3_users 3-8,text,true,,231,157,4,14,http://localhost:8080/?token=490561687&user=2080904185&config=3,418,0,0
1712926733494,418,configuration_3,200,OK,configuration_3_users 3-6,text,true,,231,157,4,14,http://localhost:8080/?token=490561687&user=2080904185&config=3,418,0,0
1712926734992,394,configuration_3,200,OK,configuration_3_users 3-7,text,true,,231,157,4,12,http://localhost:8080/?token=490561687&user=2080904185&config=3,394,0,0
1712926734993,400,configuration_3,200,OK,configuration_3_users 3-5,text,true,,231,157,4,12,http://localhost:8080/?token=490561687&user=2080904185&config=3,400,0,0
1712926736493,400,configuration_3,200,OK,configuration_3_users 3-6,text,true,,231,157,4,12,http://localhost:8080/?token=490561687&user=2080904185&config=3,400,0,0
1712926736494,409,configuration_3,200,OK,configuration_3_users 3-8,text,true,,231,157,4,12,http://localhost:8080/?token=490561687&user=2080904185&config=3,409,0,0
1712926737994,384,configuration_3,200,OK,configuration_3_users 3-7,text,true,,231,157,4,12,http://localhost:8080/?token=490561687&user=2080904185&config=3,384,0,0
1712926737996,389,configuration_3,200,OK,configuration_3_users 3-5,text,true,,231,157,4,12,http://localhost:8080/?token=490561687&user=2080904185&config=3,389,0,0
1712926739493,380,configuration_3,200,OK,configuration_3_users 3-8,text,true,,231,157,4,12,http://localhost:8080/?token=490561687&user=2080904185&config=3,380,0,0
1712926739493,380,configuration_3,200,OK,configuration_3_users 3-6,text,true,,231,157,4,12,http://localhost:8080/?token=490561687&user=2080904185&config=3,380,0,0
1712926740994,514,configuration_3,200,OK,configuration_3_users 3-5,text,true,,231,157,4,12,http://localhost:8080/?token=490561687&user=2080904185&config=3,514,0,0
1712926740993,516,configuration_3,200,OK,configuration_3_users 3-7,text,true,,231,157,4,12,http://localhost:8080/?token=490561687&user=2080904185&config=3,516,0,0
1712926742495,389,configuration_3,200,OK,configuration_3_users 3-6,text,true,,231,157,3,9,http://localhost:8080/?token=490561687&user=2080904185&config=3,389,0,0
1712926742495,392,configuration_3,200,OK,configuration_3_users 3-8,text,true,,231,157,3,9,http://localhost:8080/?token=490561687&user=2080904185&config=3,392,0,0
1712926744003,381,configuration_3,200,OK,configuration_3_users 3-7,text,true,,231,157,3,9,http://localhost:8080/?token=490561687&user=2080904185&config=3,381,0,0
1712926745496,377,configuration_3,200,OK,configuration_3_users 3-8,text,true,,231,157,3,9,http://localhost:8080/?token=490561687&user=2080904185&config=3,377,0,0
1712926745496,378,configuration_3,200,OK,configuration_3_users 3-6,text,true,,231,157,3,9,http://localhost:8080/?token=490561687&user=2080904185&config=3,378,0,0
1712926747005,369,configuration_3,200,OK,configuration_3_users 3-7,text,true,,231,157,3,9,http://localhost:8080/?token=490561687&user=2080904185&config=3,369,0,0
1712926748501,377,configuration_3,200,OK,configuration_3_users 3-6,text,true,,231,157,3,9,http://localhost:8080/?token=490561687&user=2080904185&config=3,377,0,0
1712926748501,378,configuration_3,200,OK,configuration_3_users 3-8,text,true,,231,157,2,8,http://localhost:8080/?token=490561687&user=2080904185&config=3,378,0,0
1712926750010,373,configuration_3,200,OK,configuration_3_users 3-7,text,true,,231,157,2,6,http://localhost:8080/?token=490561687&user=2080904185&config=3,373,0,0
1712926751507,362,configuration_3,200,OK,configuration_3_users 3-8,text,true,,231,157,2,6,http://localhost:8080/?token=490561687&user=2080904185&config=3,362,0,0
1712926753012,373,configuration_3,200,OK,configuration_3_users 3-7,text,true,,231,157,2,6,http://localhost:8080/?token=490561687&user=2080904185&config=3,373,0,0
1712926754505,369,configuration_3,200,OK,configuration_3_users 3-8,text,true,,231,157,2,6,http://localhost:8080/?token=490561687&user=2080904185&config=3,369,0,0
1712926756003,368,configuration_3,200,OK,configuration_3_users 3-7,text,true,,231,157,2,6,http://localhost:8080/?token=490561687&user=2080904185&config=3,368,0,0
1712926757504,362,configuration_3,200,OK,configuration_3_users 3-8,text,true,,231,157,1,3,http://localhost:8080/?token=490561687&user=2080904185&config=3,362,0,0
1712926760493,370,configuration_3,200,OK,configuration_3_users 3-8,text,true,,231,157,1,3,http://localhost:8080/?token=490561687&user=2080904185&config=3,370,0,0
1712926763498,366,configuration_3,200,OK,configuration_3_users 3-8,text,true,,231,157,1,3,http://localhost:8080/?token=490561687&user=2080904185&config=3,366,0,0
